恨意、精神分析與羅夏克墨跡測驗,喬.汀斯戴爾,9789864770649,https://img2.shaishufang.com/13/79/dAJi3uEP.jpg?x-oss-process=style/book-small-image
生与死的战斗,[美] 哈利特•巴塞基 保拉•艾尔曼 南希•古德曼,9787519225957,https://img2.shaishufang.com/16/40/kar0mgX3.jpg?x-oss-process=style/book-small-image
孩子我不要你功课好，但是要你学会解决问题,温蒂·莫杰尔(Wendy Mogel)著 ; 陈至芸译,9789864771745,https://img2.shaishufang.com/10/04/SXJbUJvf.jpg?x-oss-process=style/book-small-image
没有良知的人,罗伯特海尔,9789573281481,https://img2.shaishufang.com/34/44/9mNgCj0m.jpg?x-oss-process=style/book-small-image
巨变,[匈牙利]卡尔•波兰尼 译者: 黄树民,9787509740248,https://img2.shaishufang.com/15/41/4NKWeBgo.jpg?x-oss-process=style/book-small-image&tm=1468237625
哀伤是一种精神病,外研社科学出版工作室 编,9787513544269,https://img2.shaishufang.com/17/67/oCBi87du.jpg?x-oss-process=style/book-small-image&tm=1468426617
极简主义,【英】弗格斯•奥康奈尔（Fergus O'Connell）,9787115374073,https://img2.shaishufang.com/47/49/DU7NRha7.jpg?x-oss-process=style/book-small-image
由内而外的教养,,9787213053634,https://img2.shaishufang.com/14/78/fzMqJY6J.jpg?x-oss-process=style/book-small-image
谁在守望言论,(美) 费斯,9787301252659,https://img2.shaishufang.com/20/45/w4X5EDl7.jpg?x-oss-process=style/book-small-image&tm=1468472400
贪婪的大脑：为何人类会无止境地寻求意义,【英】丹尼尔·博尔,9787111443100,https://img2.shaishufang.com/20/64/wdThPWV7.jpg?x-oss-process=style/book-small-image&tm=1565228694
爱人、情人和怪人,吴宝沛,9787121255670,https://img2.shaishufang.com/69/22/JefJfkZq.jpg?x-oss-process=style/book-small-image
我们赖以生存的隐喻,[美] 马克· 约翰逊,9787308143172,https://img2.shaishufang.com/14/47/f69Kxsyt.jpg?x-oss-process=style/book-small-image&tm=1552972654
情感堵塞,[德] 汉斯-约阿希姆·马茨,9787511717665,https://img2.shaishufang.com/80/02/MinxjoUU.jpg?x-oss-process=style/book-small-image&tm=1470999522
被驯化的大脑,[英]布鲁斯·胡德,9787111493839,https://img2.shaishufang.com/20/99/xcVY9yGZ.jpg?x-oss-process=style/book-small-image
海盗经济学,（美）彼得&amp;amp;#8226;里森　著，傅西西　译,9787547014509,https://img2.shaishufang.com/11/66/X7wOiFHP.jpg?x-oss-process=style/book-small-image&tm=1468722372
为什么做个好人很难？,（美）帕尔玛 著，黄少婷 译,9787807457213,https://img2.shaishufang.com/11/20/VpIu77Sn.jpg?x-oss-process=style/book-small-image
崩溃边缘,（英）列托 著，朱子文，冯正直 译,9787229013301,https://img2.shaishufang.com/13/46/cEADz3UI.jpg?x-oss-process=style/book-small-image
假性亲密关系,史秀雄,9787508676593,https://img2.shaishufang.com/69/05/JbiZqtRo.jpg?x-oss-process=style/book-small-image
心理学的历史与体系,（美）布伦南（brennan，j.f.）著,9787301073681,https://img2.shaishufang.com/16/75/laHh5btK.jpg?x-oss-process=style/book-small-image
"内战, 美国队长/钢铁侠",（美）艾德•布鲁贝克 等,9787519210830,https://img2.shaishufang.com/16/20/k0b2bR8z.jpg?x-oss-process=style/book-small-image&tm=1470219194
从出生到3岁,伯顿·L·怀特,9787550269118,https://img2.shaishufang.com/16/72/lV5X7pjJ.jpg?x-oss-process=style/book-small-image&tm=1497331188
人性中的善良天使,[美]斯蒂芬·平克,9787508648583,https://img2.shaishufang.com/99/21/SAicnc2S.jpg?x-oss-process=style/book-small-image&tm=1537940959
博物馆里的神秘花园,美柔汀,9787515347981,https://img2.shaishufang.com/82/21/NLS1o09v.jpg?x-oss-process=style/book-small-image&tm=1554687568
经营者养成笔记,[日] 柳井正,9787111578215,https://img2.shaishufang.com/58/64/GeU9i1ox.jpg?x-oss-process=style/book-small-image
知识分子与社会,[美] 托马斯·索维尔,9787508639178,https://img2.shaishufang.com/10/22/T1N9nyaD.jpg?x-oss-process=style/book-small-image
高情商谈判,[美] 罗杰•费希尔 [美] 丹尼尔•夏皮罗,9787508663715,https://img2.shaishufang.com/18/96/rreVKG9h.jpg?x-oss-process=style/book-small-image
理性乐观派：一部人类经济进步史,马特·里德利 (Matt Ridley),9787111505327,https://img2.shaishufang.com/41/06/Bf1ewjFM.jpg?x-oss-process=style/book-small-image&tm=1567154391
人文精神的伟大冒险,[美]菲利普·E. 毕肖普,9787508682327,https://img2.shaishufang.com/59/48/GtL3PUqw.jpg?x-oss-process=style/book-small-image&tm=1531793949
见识,吴军,9787508684604,https://img2.shaishufang.com/33/74/9a2t7NnK.jpg?x-oss-process=style/book-small-image&tm=1544666712
教子有方: 家長應懂的心理法則,王春永,9789620432293,https://img2.shaishufang.com/19/74/u42zoSlw.jpg?x-oss-process=style/book-small-image
旧制度与大革命,[法] 托克维尔,9787100093552,https://img2.shaishufang.com/19/60/tgDlqZWh.jpg?x-oss-process=style/book-small-image&tm=1510908462
男孩女孩学习大不同,[美]迈克尔·古里安 (Michael Gurian),9787213084676,https://img2.shaishufang.com/57/35/GHisGDDg.jpg?x-oss-process=style/book-small-image
欲罢不能：刷屏时代如何摆脱行为上瘾,［美］亚当·奥尔特（Adam Alter）,9787111587514,https://img2.shaishufang.com/13/24/bcYQNWM9.jpg?x-oss-process=style/book-small-image&tm=1566801510
論殺戮,戴夫.葛司曼(Dave Grossman),9789573278177,https://img2.shaishufang.com/21/39/ykiYOchM.jpg?x-oss-process=style/book-small-image
Stars and Planets,"Nicolson, Ian 编",9781844514618,https://img2.shaishufang.com/28/60/87c57D9M.jpg?x-oss-process=style/book-small-image
知识的错觉,[美]史蒂文·斯洛曼 [美]菲利普 ·费恩巴赫,9787508682501,https://img2.shaishufang.com/21/44/ytl7SOFJ.jpg?x-oss-process=style/book-small-image&tm=1516336252
一流的教养,金武贵、南瓜夫人,9789861364810,https://img2.shaishufang.com/46/58/DE619yYZ.jpg?x-oss-process=style/book-small-image
培养双语儿童,,9787561942314,https://img2.shaishufang.com/36/24/11o5eh6J.jpg?x-oss-process=style/book-small-image
汉语儿童语言发展研究,周兢　主编,9787504145956,https://img2.shaishufang.com/78/27/0DmS2dln.jpg?x-oss-process=style/book-small-image
从黎明到衰落（上下）,[美] 雅克·巴尔赞,9787508641614,https://img2.shaishufang.com/86/69/OcHnXrIV.jpg?x-oss-process=style/book-small-image&tm=1516936387
纳粹医生,[美] 罗伯特·杰伊·利夫顿,9787539996301,https://img2.shaishufang.com/12/31/YxUqIN1S.jpg?x-oss-process=style/book-small-image&tm=1511514069
Ⅴ字仇杀队,大卫·劳埃德,9787510069529,https://img2.shaishufang.com/15/90/jAjldwSe.jpg?x-oss-process=style/book-small-image
重新定义心理学:关于心理学的另类思考,彼得·金德曼,9787300248424,https://img2.shaishufang.com/17/63/50Xtf7v8.jpg?x-oss-process=style/book-small-image&tm=1537942913
我去芬兰学育儿 12个当地家庭给我的教养启示 我去芬蘭學育兒 12個當地家庭給我的教養啟示 台版原版 沉载源 沈載源 方智,沉载源 沈載源,9789861754833,https://img2.shaishufang.com/61/12/HM5YiSOX.jpg?x-oss-process=style/book-small-image
惊世奇人,[美]亚历克斯•罗斯,9787510099984,https://img2.shaishufang.com/42/60/C65twWNr.jpg?x-oss-process=style/book-small-image&tm=1468774693
高难度沟通,【美】贾森•杰伊（Jason J. Jay） 【美】加布里埃尔•格兰特（Gabriel Grant）,9787505742079,https://img2.shaishufang.com/17/81/53g6Og5g.jpg?x-oss-process=style/book-small-image
海滩上的爱因斯坦,[法] 马克·拉谢兹-雷伊,9787559803856,https://img2.shaishufang.com/20/64/wcRGJXCi.jpg?x-oss-process=style/book-small-image&tm=1517364974
Invisible Influence,Jonah Berger,9781476759739,https://img2.shaishufang.com/32/11/97OOjqz6.jpg?x-oss-process=style/book-small-image
第三种黑猩猩—人类的身世与未来,（美）贾雷德·戴蒙德,9787532757398,https://img2.shaishufang.com/91/31/PvbK4VGi.jpg?x-oss-process=style/book-small-image&tm=1586276291
害羞心理学,（美）津巴多　著，段鑫星　等译,9787300110721,https://img2.shaishufang.com/21/48/z0dWyFeQ.jpg?x-oss-process=style/book-small-image
奇迹男孩,R.J.帕拉西奥,9787020126767,https://img2.shaishufang.com/15/95/4WsOI724.jpg?x-oss-process=style/book-small-image
海洋与文明,[美] 林肯·佩恩,9787201114576,https://img2.shaishufang.com/18/04/pFlzhpkg.jpg?x-oss-process=style/book-small-image&tm=1493363718
我们为什么不说话,[美]坦普尔·葛兰汀（Temple Grandin） [美]凯瑟琳·约翰逊（Catherine Jo,9787210097907,https://img2.shaishufang.com/17/31/nASaq6YW.jpg?x-oss-process=style/book-small-image
我们内心的冲突,[美]卡伦·霍尼（Karen Horney）,9787544762458,https://img2.shaishufang.com/27/41/7mgrav31.jpg?x-oss-process=style/book-small-image
爱的博弈：建立信任、避免背叛与不忠,娜恩·西尔弗 (Nan Silver),9787213058653,https://img2.shaishufang.com/20/64/0aLUj0fD.jpg?x-oss-process=style/book-small-image&tm=1566286916
登天的感觉：我在哈佛大学做心理咨询,岳晓东,9787550266599,https://img2.shaishufang.com/15/82/ivZ6pVds.jpg?x-oss-process=style/book-small-image&tm=1567392735
生活中的心理学,英)巴特勒/麦克马纳斯 (著) 韩邦凯(译),9787544704588,https://img2.shaishufang.com/21/09/xt9oh7nT.jpg?x-oss-process=style/book-small-image
牛津通识读本：大众经济学,［印］帕萨•达斯古普塔,9787544729697,https://img2.shaishufang.com/93/04/QQ6S4oA6.jpg?x-oss-process=style/book-small-image&tm=1536203907
幸福的婚姻,[美] 约翰·戈特曼,9787213058417,https://img2.shaishufang.com/20/66/wgpMrWVy.jpg?x-oss-process=style/book-small-image
分心不是我的错,（美）爱德华·哈洛韦尔；丁凡 译,9787544048453,https://img2.shaishufang.com/13/24/bc2pZCBj.jpg?x-oss-process=style/book-small-image&tm=1586264967
教出乐观的孩子,【美】马丁&#8226;塞利格曼　著，洪莉　译,9787547011782,https://img2.shaishufang.com/12/03/YA3rw9fO.jpg?x-oss-process=style/book-small-image
斯坦福商业决策课,卡尔•斯佩茨勒，汉娜•温特，珍妮弗•迈耶,9787540480639,https://img2.shaishufang.com/96/54/RPlqZLp8.jpg?x-oss-process=style/book-small-image
同理心,[英]罗曼·克兹纳里奇（Roman Krznaric）,9787508684215,https://img2.shaishufang.com/29/60/0q7PFcCf.jpg?x-oss-process=style/book-small-image
万物简史,"Bryson, Bill 比尔·布萊森",9787806797549,https://img2.shaishufang.com/68/35/JPTiNOpj.jpg?x-oss-process=style/book-small-image&tm=1585478600
人的脑洞略大于整个宇宙,（美）丹·刘易斯（Dan Lewis）,9787535791009,https://img2.shaishufang.com/10/42/Tc0uDrge.jpg?x-oss-process=style/book-small-image&tm=1490366717
逻辑学是什么,陈波,9787301258958,https://img2.shaishufang.com/59/76/Gy7nMSfu.jpg?x-oss-process=style/book-small-image&tm=1467965847
传家之物,[加] 艾丽丝·门罗,9787559802644,https://img2.shaishufang.com/10/16/SsI20HoF.jpg?x-oss-process=style/book-small-image&tm=1592653797
穷查理宝典,查理·芒格 / Charlie T. Munger 著 彼得·考夫曼 / Peter D. Kauf,9787508663326,https://img2.shaishufang.com/13/57/cXnO0u31.jpg?x-oss-process=style/book-small-image&tm=1529058375
历史的温度：寻找历史背面的故事、热血和真性情,张玮,9787508678498,https://img2.shaishufang.com/18/95/rpIQ09q7.jpg?x-oss-process=style/book-small-image&tm=1545186067
优雅的辩论,[美]布鲁斯·N·沃勒,9787300214528,https://img2.shaishufang.com/96/74/RTAwgh1L.jpg?x-oss-process=style/book-small-image&tm=1586455209
批评官员的尺度：《纽约时报》诉警察局长沙利文案,[美] 安东尼·刘易斯,9787301188736,https://img2.shaishufang.com/27/03/7fzjbVGQ.jpg?x-oss-process=style/book-small-image&tm=1468585255
现代的历程,杜君立,9787542656384,https://img2.shaishufang.com/11/39/WLsf7ZDs.jpg?x-oss-process=style/book-small-image
西尔格德心理学,Edward E.Smith,9787506282185,https://img2.shaishufang.com/13/28/bjSYz8Vw.jpg?x-oss-process=style/book-small-image
妙趣横生的心理学,希尔编写组 编,9787115309679,https://img2.shaishufang.com/17/28/n5k7xjYF.jpg?x-oss-process=style/book-small-image&tm=1470223122
Look Me in the Eye: My Life with Asperger's看我的眼睛,"Robison, John Elder約翰．羅賓斯",9780307396181,https://img2.shaishufang.com/76/05/Lb27MoJQ.jpg?x-oss-process=style/book-small-image
Disconnected Kids,"Melillo, Robert",9780399535604,https://img2.shaishufang.com/93/20/QStyjdwW.jpg?x-oss-process=style/book-small-image
顾中一说：我们到底应该怎么吃？,顾中一,9787502397111,https://img2.shaishufang.com/10/94/V4QmVCZH.jpg?x-oss-process=style/book-small-image&tm=1524664511
写给上班族的世界史,押沙龙 著,9787508621630,https://img2.shaishufang.com/74/72/LDXYiYIJ.jpg?x-oss-process=style/book-small-image
剑桥美国史,[英] 苏珊-玛丽·格兰特,9787513326254,https://img2.shaishufang.com/23/01/6X6iCPq2.jpg?x-oss-process=style/book-small-image&tm=1509603519
如何有效整理信息,[日] 奥野宣之,9787210097204,https://img2.shaishufang.com/13/81/dETVUC41.jpg?x-oss-process=style/book-small-image&tm=1560907048
学会提问,【美】尼尔•布朗、斯图尔特•基利著，吴礼敬译,9787111406594,https://img2.shaishufang.com/16/10/jkD1xPFW.jpg?x-oss-process=style/book-small-image&tm=1562893591
必然,（美）凯文·凯利 (Kevin Kelly),9787121272394,https://img2.shaishufang.com/20/66/wgKR423m.jpg?x-oss-process=style/book-small-image&tm=1533273757
西方世界的兴起,[美] 道格拉斯·诺斯 (Douglass North),9787508091594,https://img2.shaishufang.com/15/99/jQmI5Foe.jpg?x-oss-process=style/book-small-image
跃迁,古典,9787508678887,https://img2.shaishufang.com/12/82/aPKvFHsy.jpg?x-oss-process=style/book-small-image&tm=1532319805
直觉养育的力量,[美]斯蒂芬•卡马拉塔 (Stephen Camarata),9787213084010,https://img2.shaishufang.com/17/58/nwVGLrZb.jpg?x-oss-process=style/book-small-image
情感纽带的建立与破裂,[英]约翰•鲍尔比,9787519233860,https://img2.shaishufang.com/11/79/XUEY0p9A.jpg?x-oss-process=style/book-small-image
传染：塑造消费、心智、决策的隐秘力量,［美］乔纳·伯杰（Jonah Berger）,9787121316173,https://img2.shaishufang.com/84/74/O3yQsU4y.jpg?x-oss-process=style/book-small-image
让学校重生,[英]肯·罗宾逊 [美]卢·阿罗尼卡,9787213081514,https://img2.shaishufang.com/18/42/qKA71fJ6.jpg?x-oss-process=style/book-small-image
国家为什么会失败,德隆·阿西莫格鲁 詹姆斯·罗宾逊著,9787535780348,https://img2.shaishufang.com/18/61/qrbLM9wI.jpg?x-oss-process=style/book-small-image&tm=1520472985
链接：商业、科学与生活的新思维,[美]艾伯特-拉斯洛•巴拉巴西 (Albert-László Barabási),9787213056550,https://img2.shaishufang.com/28/22/80tec7lC.jpg?x-oss-process=style/book-small-image&tm=1565228383
依恋三部曲•第一卷 依恋,[英]约翰•鲍尔比,9787519229276,https://img2.shaishufang.com/89/27/2XAR2t3r.jpg?x-oss-process=style/book-small-image
"依恋三部曲. 第二卷, 分离",[英]约翰•鲍尔比,9787519232818,https://img2.shaishufang.com/14/38/eqtEvH0y.jpg?x-oss-process=style/book-small-image
我们人类的进化：从走出非洲到主宰地球,[美] 亚历山大·哈考特,9787508678962,https://img2.shaishufang.com/21/32/yYvr474L.jpg?x-oss-process=style/book-small-image&tm=1539655490
上帝的错觉,[英]理查德·道金斯,9787544374293,https://img2.shaishufang.com/16/58/l6hQnH4I.jpg?x-oss-process=style/book-small-image
互联网金融,姚文平,9787508643823,https://img2.shaishufang.com/19/65/toCoDGPn.jpg?x-oss-process=style/book-small-image
思考，快与慢,［美］丹尼尔·卡尼曼,9787508633558,https://img2.shaishufang.com/12/83/aS2gvbp8.jpg?x-oss-process=style/book-small-image&tm=1572440560
数据之巅,涂子沛,9787508644660,https://img2.shaishufang.com/92/26/QCJjKALC.jpg?x-oss-process=style/book-small-image&tm=1565598982
重构多元智能,（美）加德纳（gardner，h）　著；沈致襄　译,9787300090115,https://img2.shaishufang.com/53/17/F6Cyz9PA.jpg?x-oss-process=style/book-small-image
技术的本质,布莱恩•阿瑟（Brian Arthur）,9787213059988,https://img2.shaishufang.com/12/36/Z7c8U32i.jpg?x-oss-process=style/book-small-image
心灵晴雨图 : 新版,河合隼雄,9787559606334,https://img2.shaishufang.com/21/34/yc7mhAnM.jpg?x-oss-process=style/book-small-image
自下而上：万物进化简史,马特·里德利,9787111559924,https://img2.shaishufang.com/14/40/euXoJu1H.jpg?x-oss-process=style/book-small-image&tm=1582535326
命运的内核,[英] 格雷厄姆·格林,9787539979755,https://img2.shaishufang.com/65/85/1rvyWtbC.jpg?x-oss-process=style/book-small-image&tm=1557197983
缺失的终结,【美】克尔•哈里斯,9787300244310,https://img2.shaishufang.com/74/34/L6wtkoiC.jpg?x-oss-process=style/book-small-image
刻意练习：如何从新手到大师,［美］安德斯·艾利克森， 罗伯特·普尔 著,9787111551287,https://img2.shaishufang.com/10/00/SP2IffRL.jpg?x-oss-process=style/book-small-image&tm=1566896412
故事思维,[美] 安妮特·西蒙斯（Annette Simmons）,9787210075172,https://img2.shaishufang.com/91/76/Q3W4bWB7.jpg?x-oss-process=style/book-small-image&tm=1502806921
陌生人溺水,[美]拉里莎·麦克法夸尔,9787556117048,https://img2.shaishufang.com/13/48/cIyUsGyp.jpg?x-oss-process=style/book-small-image&tm=1506334571
如果没有今天，明天会不会有昨天？,[瑞士] 伊夫·博萨尔特,9787513909839,https://img2.shaishufang.com/17/15/mhU37RaO.jpg?x-oss-process=style/book-small-image&tm=1502763696
社交天性：人类社交的三大驱动力,[美] 马修·利伯曼（Matthew D. Lieberman）,9787213072864,https://img2.shaishufang.com/16/20/k1AGzgjs.jpg?x-oss-process=style/book-small-image&tm=1567154753
千年金融史,威廉·戈兹曼,9787508673196,https://img2.shaishufang.com/10/20/SyC66KoX.jpg?x-oss-process=style/book-small-image&tm=1569721662
文明是副产品,郑也夫,9787508655024,https://img2.shaishufang.com/10/09/SeRr48Tz.jpg?x-oss-process=style/book-small-image&tm=1572834286
上瘾：让用户养成使用习惯的四大产品逻辑,［美］尼尔·埃亚尔，［美］瑞安·胡佛 著,9787508668314,https://img2.shaishufang.com/17/00/mHDw5wGe.jpg?x-oss-process=style/book-small-image&tm=1572440565
成功与运气,罗伯特·弗兰克,9787559607577,https://img2.shaishufang.com/13/38/bzsMWKy5.jpg?x-oss-process=style/book-small-image
未来简史,尤瓦尔·赫拉利,,https://img2.shaishufang.com/10/95/V6qJFjED.jpg?x-oss-process=style/book-small-image&tm=1542595767
哈尔罗杰历险记,(英)威勒德·普赖斯(Willard Price),,https://img2.shaishufang.com/13/95/dcQ5vWIC.jpg?x-oss-process=style/book-small-image&tm=1450077750
什么是科学,吴国盛,9787218110219,https://img2.shaishufang.com/12/65/ZvtA3o3K.jpg?x-oss-process=style/book-small-image&tm=1570504531
博弈与社会,张维迎,9787301218211,https://img2.shaishufang.com/23/78/6kmY6CyE.jpg?x-oss-process=style/book-small-image
世界小史,[英] 恩斯特·贡布里希,9787549562749,https://img2.shaishufang.com/76/23/0DQBzAYz.jpg?x-oss-process=style/book-small-image&tm=1468054049
阅读经典：美国大学的人文教育,徐贲,9787301262146,https://img2.shaishufang.com/12/22/YipOkVrz.jpg?x-oss-process=style/book-small-image&tm=1467950327
银河系搭车客指南（银河系漫游五部曲）,[英] 道格拉斯·亚当斯   姚向辉   译,9787532764655,https://img2.shaishufang.com/14/55/fK65ldSk.jpg?x-oss-process=style/book-small-image&tm=1564711357
麒麟之翼,[日] 东野圭吾,9787544277716,https://img2.shaishufang.com/10/50/Tpr4Ovqu.jpg?x-oss-process=style/book-small-image&tm=1477809964
成为更好的自己：许燕人格心理学30讲,许燕,9787111643661,https://img2.shaishufang.com/21/59/zK0fXj8p.jpg?x-oss-process=style/book-small-image
趣味生活小史,栗月静,9787549545124,https://img2.shaishufang.com/68/16/JM1p5NqO.jpg?x-oss-process=style/book-small-image
摆脱共情,[加]保罗·布卢姆（Paul Bloom）,9787213093531,https://img2.shaishufang.com/16/35/kSCEidrT.jpg?x-oss-process=style/book-small-image
深井效應,娜汀‧哈里斯,9789861372617,https://img2.shaishufang.com/45/17/CpMiqrjC.jpg?x-oss-process=style/book-small-image
变量：推演中国经济基本盘,何帆,9787521712674,https://img2.shaishufang.com/13/54/cSqcluj6.jpg?x-oss-process=style/book-small-image&tm=1577931131
变量,何帆,9787508698175,https://img2.shaishufang.com/42/61/C6HwYT0b.jpg?x-oss-process=style/book-small-image&tm=1548039141
祖先的故事,[英] 理查德·道金斯 黄可仁,9787508696324,https://img2.shaishufang.com/11/65/X5Q5wcNl.jpg?x-oss-process=style/book-small-image&tm=1573200141
盲眼钟表匠,[英] 理查德·道金斯,9787508664996,https://img2.shaishufang.com/53/61/FDrylnIM.jpg?x-oss-process=style/book-small-image&tm=1479576514
高胜算决策,[日] 中村慎吾,9787210112167,https://img2.shaishufang.com/12/84/aTeB1QnJ.jpg?x-oss-process=style/book-small-image
自私的基因,[英] 理查德·道金斯,9787508694498,https://img2.shaishufang.com/16/89/ly5EEzrt.jpg?x-oss-process=style/book-small-image&tm=1560735080
为什么：关于因果关系的新科学,朱迪亚·珀尔(Judea Pearl) / [美]达纳·麦肯齐(Dana Mackenzie),9787521705072,https://img2.shaishufang.com/14/11/e5Ug5mJh.jpg?x-oss-process=style/book-small-image
切尔诺贝利之春,[法] 艾玛纽埃尔·勒巴热,9787550290341,https://img2.shaishufang.com/71/88/KPeOh184.jpg?x-oss-process=style/book-small-image&tm=1564710334
系统思考,（美）丹尼斯•舍伍德（Dennis Sherwood）,9787111470243,https://img2.shaishufang.com/69/63/JlvJGkcD.jpg?x-oss-process=style/book-small-image
四大沟通模式,徐丽丽,9787535471635,https://img2.shaishufang.com/23/49/6fhlMwx9.jpg?x-oss-process=style/book-small-image
时间地图：大历史，130亿年前至今,[美] 大卫·克里斯蒂安,9787508673042,https://img2.shaishufang.com/13/53/cRGwKLTb.jpg?x-oss-process=style/book-small-image&tm=1560302590
断裂的年代：20世纪的文化与社会,（英）霍布斯鲍姆,9787508643168,https://img2.shaishufang.com/21/67/zXmWMx0O.jpg?x-oss-process=style/book-small-image&tm=1468492691
我们这个时代的怕和爱,陈丹青  等,9787505995550,https://img2.shaishufang.com/20/67/0aOMSBQL.jpg?x-oss-process=style/book-small-image
演讲的力量,[美] 克里斯·安德森,9787508662053,https://img2.shaishufang.com/17/31/n9iTEPVL.jpg?x-oss-process=style/book-small-image&tm=1469611414
智能的结构,[美] 霍华德•加德纳（Howard Gardner）,9787213056154,https://img2.shaishufang.com/41/22/Bhs6N4Qu.jpg?x-oss-process=style/book-small-image&tm=1570499347
积极心理学,【美】沙恩•洛佩斯,9787115323385,https://img2.shaishufang.com/72/49/KaFlVqoB.jpg?x-oss-process=style/book-small-image&tm=1545292789
棉花糖实验,[美] 沃尔特·米歇尔（Walter Mischel）,9787550288676,https://img2.shaishufang.com/16/98/4p3o34uS.jpg?x-oss-process=style/book-small-image
投资心理学,（美）约翰·诺夫辛格 著，刘丰源，张春安 译,9787301084199,https://img2.shaishufang.com/84/67/2P4V4GK3.jpg?x-oss-process=style/book-small-image
观念的水位,刘瑜,9787539975818,https://img2.shaishufang.com/14/77/fxi0ry4m.jpg?x-oss-process=style/book-small-image&tm=1555664874
生命的跃升,[英] 尼克·莱恩,9787030464286,https://img2.shaishufang.com/17/46/naprQSc5.jpg?x-oss-process=style/book-small-image&tm=1493373557
Interpersonal Communication,"Floyd, Kory W.",9780071315135,https://img2.shaishufang.com/40/39/BT5nUWuj.jpg?x-oss-process=style/book-small-image
深夜小狗神秘事件,[英] 马克·哈登,9787530671580,https://img2.shaishufang.com/65/57/IcOgK9UF.jpg?x-oss-process=style/book-small-image&tm=1490932838
批判性思维,布鲁克·诺埃尔（Brooke Noel Moore）理查德·帕克（Richard Parker）,9787111485650,https://img2.shaishufang.com/56/93/GAKYwm72.jpg?x-oss-process=style/book-small-image&tm=1468554900
精进：如何成为一个很厉害的人,采铜,9787539990484,https://img2.shaishufang.com/53/52/FCIaYOPy.jpg?x-oss-process=style/book-small-image&tm=1467894267
门外汉的京都,舒国治,9787549500031,https://img2.shaishufang.com/16/76/lbwF46hk.jpg?x-oss-process=style/book-small-image&tm=1482469199
真实的幸福,（美）塞利格曼 著，洪兰 译,9787547010792,https://img2.shaishufang.com/15/17/4JD1Fp26.jpg?x-oss-process=style/book-small-image&tm=1468044784
月光落在左手上,余秀华,9787549563494,https://img2.shaishufang.com/17/07/mUOHG4WQ.jpg?x-oss-process=style/book-small-image&tm=1468136587
年少荒唐,朱炫,9787539984308,https://img2.shaishufang.com/87/92/Oxyunvqh.jpg?x-oss-process=style/book-small-image&tm=1468233373
大脑使用指南：其实你活在大脑创造的虚拟世界里,赵思家,9787535790811,https://img2.shaishufang.com/77/26/LwDDEJ2y.jpg?x-oss-process=style/book-small-image&tm=1566896479
为人父母,[美]简·布鲁克斯（Jane Brooks）,9787111513865,https://img2.shaishufang.com/85/98/OPtZnAth.jpg?x-oss-process=style/book-small-image
这样写出好故事：玩转情节与结构,(美) 詹姆斯·斯科特·贝尔(James Scott Bell),9787540480660,https://img2.shaishufang.com/32/14/97ulOvor.jpg?x-oss-process=style/book-small-image&tm=1568783452
进化心理学,[美] 戴维·巴斯,9787100110532,https://img2.shaishufang.com/13/74/d1TkYFjQ.jpg?x-oss-process=style/book-small-image&tm=1478947756
进化心理学,（美）巴斯　　著，熊哲宏　译,9787561752715,https://img2.shaishufang.com/84/59/O1LM5vRj.jpg?x-oss-process=style/book-small-image&tm=1468974263
那些古怪又让人忧心的问题,兰道尔·门罗,9787550248083,https://img2.shaishufang.com/20/28/vbaY4Okm.jpg?x-oss-process=style/book-small-image&tm=1550800935
最好的告别：关于衰老与死亡，你必须知道的常识,[美] 阿图•葛文德（Atul Gawande）彭小华译,9787213067792,https://img2.shaishufang.com/16/10/jiioGBTA.jpg?x-oss-process=style/book-small-image&tm=1571733640
爱情是一个故事,[美] 罗伯特•斯滕伯格,9787519210076,https://img2.shaishufang.com/86/75/OdOGWbgU.jpg?x-oss-process=style/book-small-image
守望者. 下,(美)阿兰·摩尔,9787510080920,https://img2.shaishufang.com/18/34/q4wZiyZC.jpg?x-oss-process=style/book-small-image&tm=1468891129
守望者. 上,[美] 阿兰·摩尔,9787510069093,https://img2.shaishufang.com/18/45/qPQvbmmv.jpg?x-oss-process=style/book-small-image
孩子：挑战,【美】薇姬·索尔兹,9787807680741,https://img2.shaishufang.com/13/97/dfu55xNK.jpg?x-oss-process=style/book-small-image&tm=1518319156
雄性衰落,[美]尼基塔·库隆布,9787550274129,https://img2.shaishufang.com/33/16/9Pu9J2EV.jpg?x-oss-process=style/book-small-image&tm=1507870106
TED演讲的秘密,[美] 杰瑞米•多诺万(Jememey Donovan),9787300186740,https://img2.shaishufang.com/20/41/vxpkKDjP.jpg?x-oss-process=style/book-small-image&tm=1566197420
坚毅,[美]安杰拉•达克沃思,9787508673868,https://img2.shaishufang.com/24/97/75izZVD1.jpg?x-oss-process=style/book-small-image
选择的悖论,巴里·施瓦茨,9787213052361,https://img2.shaishufang.com/15/13/gyW85voh.jpg?x-oss-process=style/book-small-image
亲密行为,（英）德斯蒙娜·莫利斯 著，何道宽 译,9787309069983,https://img2.shaishufang.com/49/81/E94rGJt7.jpg?x-oss-process=style/book-small-image&tm=1468297385
怪诞行为学2：非理性的积极力量,（美）艾瑞里　著，赵德亮　译,9787508622545,https://img2.shaishufang.com/19/00/rxcUTJnZ.jpg?x-oss-process=style/book-small-image
怪诞行为学,（美）艾瑞里　著，赵德亮，夏蓓洁　译,9787508622187,https://img2.shaishufang.com/55/09/FdtgavqS.jpg?x-oss-process=style/book-small-image&tm=1468253725
Harry Potter and the Deathly Hallows哈利波特 7: 死神的聖物,J. K. RowlingJ. K. 羅琳,9780545010221,https://img2.shaishufang.com/11/53/WlKYrCar.jpg?x-oss-process=style/book-small-image&tm=1469244066
云和山的彼端简体中文版,大宇资讯 DOMO,9787900022936,https://img2.shaishufang.com/14/41/evWCm346.jpg?x-oss-process=style/book-small-image
魔戒（第二部）,[英] 托尔金,9787806573983,https://img2.shaishufang.com/20/61/wWj8klXA.jpg?x-oss-process=style/book-small-image
文字是肉做的,董桥 著,9787806767139,https://img2.shaishufang.com/19/15/sOOOSeMq.jpg?x-oss-process=style/book-small-image
中国近代史,蔣延黻,9787532538317,https://img2.shaishufang.com/16/43/kgEuN9mh.jpg?x-oss-process=style/book-small-image
大地广角,（美）普罗兹曼 著，蓝纯 译,9787503226267,https://img2.shaishufang.com/52/26/EqEl8bBr.jpg?x-oss-process=style/book-small-image
实验心理学,郭秀艳,9787107179570,https://img2.shaishufang.com/16/74/lXqkEa0p.jpg?x-oss-process=style/book-small-image&tm=1473603137
发展心理学,林崇德 编,9787107112751,https://img2.shaishufang.com/75/14/LKtHltqw.jpg?x-oss-process=style/book-small-image
草房子,曹文轩,9787506324809,https://img2.shaishufang.com/21/17/y8NbwjQU.jpg?x-oss-process=style/book-small-image
塔罗奥义,云峰,9787561326954,https://img2.shaishufang.com/20/10/5i0uOcSR.jpg?x-oss-process=style/book-small-image&tm=1590569168
"Handbook of Psychology, Health Psychology (Handbook of Psychology)",Arthur M. Nezu Christine Maguth Nezu Pamela A. Gel,9780471385141,https://img2.shaishufang.com/12/17/YZhMBJgt.jpg?x-oss-process=style/book-small-image
羊脂球,莫泊桑,9787540211998,https://img2.shaishufang.com/61/65/HVSejwOc.jpg?x-oss-process=style/book-small-image&tm=1539569288
理想国,柏拉图 (著) John Llewelyn Davies(译),9787560013633,https://img2.shaishufang.com/14/99/gZlu3zDz.jpg?x-oss-process=style/book-small-image&tm=1522114546
心理学导论,黄希庭,9787107070891,https://img2.shaishufang.com/21/34/0bZtsRcM.jpg?x-oss-process=style/book-small-image
青铜时代,王小波,9787500646716,https://img2.shaishufang.com/59/15/GnO2GgxW.jpg?x-oss-process=style/book-small-image
月牙儿,老舍 著,9787539924564,https://img2.shaishufang.com/67/47/J9vHKKIa.jpg?x-oss-process=style/book-small-image
从存在到演化,曾慶宏,9787301095669,https://img2.shaishufang.com/10/20/SzVM1cAb.jpg?x-oss-process=style/book-small-image&tm=1475416559
黄金时代白银时代,王小波,9787500646730,https://img2.shaishufang.com/29/52/8NksQs7q.jpg?x-oss-process=style/book-small-image
发展心理学,（美）谢弗（shaffer，d.r.） 著，邹泓 等译,9787501946822,https://img2.shaishufang.com/21/50/z4aiqQR4.jpg?x-oss-process=style/book-small-image
面包与自由,克鲁泡特金,9787100006385,https://img2.shaishufang.com/75/90/LYQKKfcd.jpg?x-oss-process=style/book-small-image
关于托勒密和哥白尼两大世界体系的对话,伽利略,9787301095485,https://img2.shaishufang.com/76/92/LqLdJgIh.jpg?x-oss-process=style/book-small-image&tm=1473170836
小女贼在惦记,钱海燕,9787506325950,https://img2.shaishufang.com/12/84/aTk89Rig.jpg?x-oss-process=style/book-small-image
四世同堂(上下),老舍,9787020023318,https://img2.shaishufang.com/14/93/gOn2Tb2c.jpg?x-oss-process=style/book-small-image&tm=1538051283
欧·亨利短篇小说选,[美] 欧·亨利(O’Henry),9787020040896,https://img2.shaishufang.com/11/30/W76YOWmo.jpg?x-oss-process=style/book-small-image
空剑峰,[法]勒布朗等 (著) 倪维中(译),9787505933248,https://img2.shaishufang.com/61/43/HRXnAwGs.jpg?x-oss-process=style/book-small-image&tm=1483427810
认知心理学（第七版）,索尔索，麦克林 等著,9787301085257,https://img2.shaishufang.com/39/45/BChQ3pg9.jpg?x-oss-process=style/book-small-image&tm=1582111975
契诃夫短篇小说选,契诃夫,9787020040247,https://img2.shaishufang.com/15/80/irzKPJEU.jpg?x-oss-process=style/book-small-image
瞬间永恒,美国国家地理学会 编,9787800077845,https://img2.shaishufang.com/54/75/FXzKGiT3.jpg?x-oss-process=style/book-small-image
天瓢,曹文轩 著,9787535429988,https://img2.shaishufang.com/14/64/fZW8Xlxc.jpg?x-oss-process=style/book-small-image
心理学与生活,（美）理查德（richard j.g） 等著,9787301080450,https://img2.shaishufang.com/14/11/e5gtL3hY.jpg?x-oss-process=style/book-small-image
心理学史,（美）黎黑 著，李维 译,9787533823450,https://img2.shaishufang.com/30/58/8gPDQUUd.jpg?x-oss-process=style/book-small-image
心理学,（美）戴维.迈尔斯 著，黄希庭 等译,9787115143891,https://img2.shaishufang.com/61/33/HPvCiwmF.jpg?x-oss-process=style/book-small-image
心理资本,（美）路桑斯（luthans，f.）　等著，李超平　译,9787501960958,https://img2.shaishufang.com/10/24/T6P0FYsA.jpg?x-oss-process=style/book-small-image&tm=1519610379
沉默的大多数：王小波杂文随笔全编,王小波,9787500627098,https://img2.shaishufang.com/18/41/qI5hhBqW.jpg?x-oss-process=style/book-small-image&tm=1545964820
小女贼的细软,钱海燕,9787506324854,https://img2.shaishufang.com/82/85/NWd9g0N9.jpg?x-oss-process=style/book-small-image
教育心理学,冯忠良　等著,9787107141478,https://img2.shaishufang.com/12/08/YJ89Kao1.jpg?x-oss-process=style/book-small-image
心理学十五讲,黃希庭,9787301088654,https://img2.shaishufang.com/20/23/vRgdHaRp.jpg?x-oss-process=style/book-small-image
文化苦旅,余秋雨,9787806276983,https://img2.shaishufang.com/10/99/VDkRrLO0.jpg?x-oss-process=style/book-small-image&tm=1586222550
透过镜头,[美]国家地理学会 编,9787500439110,https://img2.shaishufang.com/75/05/01JvhCEI.jpg?x-oss-process=style/book-small-image
科学之书,彼得‧泰勒克,9787806038017,https://img2.shaishufang.com/15/48/hz4j0H6W.jpg?x-oss-process=style/book-small-image
普通心理学（北京大学心理学丛书）,孟昭兰主编,9787301025680,https://img2.shaishufang.com/15/66/iTI1txCu.jpg?x-oss-process=style/book-small-image&tm=1548295505
失控的逻辑课,（美）拉凡德　著；吴宜洁，晓阳　译,9787208086869,https://img2.shaishufang.com/13/25/bdn6ExMP.jpg?x-oss-process=style/book-small-image
怪诞心理学：揭秘不可思议的日常现象,（英）怀斯曼　著，路本福　译,9787530957554,https://img2.shaishufang.com/35/47/10S4q9wE.jpg?x-oss-process=style/book-small-image&tm=1468489725
认知心理学,彭聃龄，张必隐　著,9787533823511,https://img2.shaishufang.com/50/07/1Q9XAfFJ.jpg?x-oss-process=style/book-small-image
改变心理学的40项研究,[美]哈克 著，白学军等 译,9787501941421,https://img2.shaishufang.com/16/44/kgTnxC0Z.jpg?x-oss-process=style/book-small-image
认知心理学,（美）加洛蒂（galotti，k.m.）　著，吴国宏　等译,9787561332719,https://img2.shaishufang.com/88/40/P6QjIHIC.jpg?x-oss-process=style/book-small-image
觅渡,梁衡 著,9787300053752,https://img2.shaishufang.com/16/51/0T4HB0UO.jpg?x-oss-process=style/book-small-image
黑铁时代,王小波,9787500646723,https://img2.shaishufang.com/16/12/jn17YPSA.jpg?x-oss-process=style/book-small-image
"历史是个什么玩意儿. 1, 袁腾飞说中国史. 上",袁腾飞 著,9787545204476,https://img2.shaishufang.com/19/01/s0YfM0VN.jpg?x-oss-process=style/book-small-image&tm=1460949880
当代教育心理学,陈琦，刘儒德　主编,9787303042265,https://img2.shaishufang.com/12/90/adUTkeUu.jpg?x-oss-process=style/book-small-image&tm=1548295436
当代心理学体系,(美)史密斯（smith，n.w.）　著，郭本禹　等译,9787561332672,https://img2.shaishufang.com/17/74/oNo1NwQr.jpg?x-oss-process=style/book-small-image
历史深处的忧虑,林达 著,9787108010186,https://img2.shaishufang.com/11/96/Xz90iMFb.jpg?x-oss-process=style/book-small-image&tm=1559265586
苏菲的世界,（挪威）乔斯坦·贾德,9787506309745,https://img2.shaishufang.com/17/46/na8WzRM2.jpg?x-oss-process=style/book-small-image&tm=1553668267
三重门,韩寒,9787506318884,https://img2.shaishufang.com/78/34/MFI7dEvG.jpg?x-oss-process=style/book-small-image
哈利·波特与魔法石,【英】J. K. 罗琳,9787020033430,https://img2.shaishufang.com/14/46/f3tC0iQg.jpg?x-oss-process=style/book-small-image&tm=1467960380
Canon EF/EF-S LENS数码单反镜头品鉴指南,雷依里　编著,9787500678052,https://img2.shaishufang.com/62/68/HnZlu98J.jpg?x-oss-process=style/book-small-image
丑的历史(精装),（意）艾柯 编著，彭淮栋 译,9787511702029,https://img2.shaishufang.com/47/44/DTLAifb9.jpg?x-oss-process=style/book-small-image&tm=1468023762
达·芬奇密码 数字城堡 天使与魔鬼,丹•布朗 (Dan Brown),9787208050037,https://img2.shaishufang.com/19/73/u2MewnOq.jpg?x-oss-process=style/book-small-image&tm=1545186013
读史有学问,冷成金 著,9787544221603,https://img2.shaishufang.com/20/37/vrXXCrfd.jpg?x-oss-process=style/book-small-image&tm=1485158082
哈利.波特与火焰杯,【英】J.K.罗琳,9787020034635,https://img2.shaishufang.com/80/65/MtvcfE2M.jpg?x-oss-process=style/book-small-image&tm=1558339560
花间一壶酒,李零 著,9787807161202,https://img2.shaishufang.com/12/32/Z0HTVcWX.jpg?x-oss-process=style/book-small-image
精神分析导论,（美）米尔顿（miltoln，j.） 等著，施琪嘉 等译,9787501946815,https://img2.shaishufang.com/14/50/fBiyw8UA.jpg?x-oss-process=style/book-small-image
"领导干部大讲堂, 文化卷. 壹",唐晋　主编,9787801406811,https://img2.shaishufang.com/44/78/CiQOIABc.jpg?x-oss-process=style/book-small-image
品中国文人. 1,刘小川　著,9787532133314,https://img2.shaishufang.com/15/47/hwmvVqld.jpg?x-oss-process=style/book-small-image&tm=1469614337
普通心理学,彭聃龄 主编,9787303002252,https://img2.shaishufang.com/66/61/1tGwmqXw.jpg?x-oss-process=style/book-small-image&tm=1511419072
《爱情灰常假》（全二册）,阿九，王欣 著,9787538734096,https://img2.shaishufang.com/82/29/NMp0cn4S.jpg?x-oss-process=style/book-small-image
读库0804,张立宪 主编,9787802255685,https://img2.shaishufang.com/17/97/p3PgRK1f.jpg?x-oss-process=style/book-small-image
读史有智慧,冷成金 著,9787229013875,https://img2.shaishufang.com/18/84/rV7jujHB.jpg?x-oss-process=style/book-small-image
天使与魔鬼,[美] 丹·布朗,9787020067107,https://img2.shaishufang.com/50/33/EIC0Nvms.jpg?x-oss-process=style/book-small-image&tm=1524015816
像少年啦飞驰,韩寒,9787506322522,https://img2.shaishufang.com/10/61/U85HKZWQ.jpg?x-oss-process=style/book-small-image&tm=1468125621
DSLR数码单反摄影圣经,雷依里,9787500677628,https://img2.shaishufang.com/19/11/sGnV7GXE.jpg?x-oss-process=style/book-small-image&tm=1517969136
九型人格,（美）海伦·帕尔默/著；徐扬/译,9787508040738,https://img2.shaishufang.com/16/39/kXn1KJNC.jpg?x-oss-process=style/book-small-image&tm=1577694918
上外—牛津英语分级读物. 第四级,上海外语教育出版社 牛津大学出版社,9787810464796,https://img2.shaishufang.com/21/68/zZ6wRogu.jpg?x-oss-process=style/book-small-image&tm=1561037322
长安乱,韩寒,9787500658917,https://img2.shaishufang.com/19/80/uEzn2bBW.jpg?x-oss-process=style/book-small-image
娱乐至死,（美）波兹曼 著，章艳 译,9787563344970,https://img2.shaishufang.com/77/74/M4mSkaRP.jpg?x-oss-process=style/book-small-image&tm=1468499086
数码单反摄影从入门到精通,神龙摄影,9787115211002,https://img2.shaishufang.com/11/72/XIbCxVIs.jpg?x-oss-process=style/book-small-image&tm=1525312061
神经生物学,寿天德 主编,9787040177404,https://img2.shaishufang.com/31/80/91wJOXXs.jpg?x-oss-process=style/book-small-image
"领导干部大讲堂, 法治卷. 壹",唐晋　主编,9787801406248,https://img2.shaishufang.com/18/28/puJgiyNW.jpg?x-oss-process=style/book-small-image
师从弗洛伊德,（德）莎乐美 著，王绪梅 译,9787561744741,https://img2.shaishufang.com/86/38/OWpQjSeA.jpg?x-oss-process=style/book-small-image
上外-牛津英语分级读物.第2级,朗文出版亚洲有限公司,9787810464017,https://img2.shaishufang.com/65/92/IiZZFUYC.jpg?x-oss-process=style/book-small-image&tm=1561037310
上外-牛津英语分级读物. 第五级,（英）哈代（Hardy.T.）  等著,9787810465137,https://img2.shaishufang.com/11/92/XrrL3w6Y.jpg?x-oss-process=style/book-small-image&tm=1568112545
100 Selected Stories,O Henry,9788176060059,https://img2.shaishufang.com/47/51/DUbyjmBC.jpg?x-oss-process=style/book-small-image
交往在云端,[美] 南希·K.拜厄姆,9787300272153,https://img2.shaishufang.com/98/14/RrqXcScF.jpg?x-oss-process=style/book-small-image
中国优势,王煜全,9787521712995,https://img2.shaishufang.com/93/63/QaQfYvvR.jpg?x-oss-process=style/book-small-image&tm=1577931063
钱从哪里来,香帅 著,9787521713008,https://img2.shaishufang.com/21/35/ydMYdH5c.jpg?x-oss-process=style/book-small-image&tm=1586269644
642件可写的事,美国旧金山写作社,9787541148828,https://img2.shaishufang.com/32/34/9BTc6ISu.jpg?x-oss-process=style/book-small-image&tm=1554109362
解析彩虹,[英] 理查德·道金斯,9787508647746,https://img2.shaishufang.com/61/31/HPRVdXcV.jpg?x-oss-process=style/book-small-image&tm=1559479255
地球上最伟大的表演,[英] 理查德·道金斯,9787508666082,https://img2.shaishufang.com/17/43/nVlMAHo7.jpg?x-oss-process=style/book-small-image&tm=1492447669
科学的诞生,[美] 戴维·伍顿,9787508685465,https://img2.shaishufang.com/49/94/08nBr91r.jpg?x-oss-process=style/book-small-image&tm=1531986906
Dog Man Unleashed,Dav Pilkey,9780545935203,https://img2.shaishufang.com/14/10/e2aV0qPg.jpg?x-oss-process=style/book-small-image
DOG MAN And CAT Kid,Dav Pilkey,9780545935180,https://img2.shaishufang.com/19/30/spLHk5gP.jpg?x-oss-process=style/book-small-image
Dog Man 3: A Tale of Two Kitties,"Pilkey, Dav",9780545935210,https://img2.shaishufang.com/10/80/UfmdxBfw.jpg?x-oss-process=style/book-small-image
Dog Man 6,Dav Pilkey,9781338236576,https://img2.shaishufang.com/24/02/6otVJUMi.jpg?x-oss-process=style/book-small-image
The Adventures of Dog Man,"Pilkey, Dav",9780545581608,https://img2.shaishufang.com/60/70/1irh8SSZ.jpg?x-oss-process=style/book-small-image
上外-牛津英语分级读物.第1级,牛津大学出版社,9787810463911,https://img2.shaishufang.com/14/37/457xUidy.jpg?x-oss-process=style/book-small-image&tm=1564193656
思想的盛宴,(英)汉默顿 (著) 王彤(译),9787801953599,https://img2.shaishufang.com/71/70/22Ey41E5.jpg?x-oss-process=style/book-small-image
文心雕龙,黄霖 刘勰 编,9787532549481,https://img2.shaishufang.com/13/00/avQ9WKW5.jpg?x-oss-process=style/book-small-image
微型小说300篇,"李春林,郑允钦",9787806470787,https://img2.shaishufang.com/18/16/paevxHq7.jpg?x-oss-process=style/book-small-image
上外-牛津英语分级读物. 第三级,王哲,9787810464079,https://img2.shaishufang.com/17/94/owaKo8Sn.jpg?x-oss-process=style/book-small-image&tm=1568301554
The Philosophy Gym,Stephen Law,9780312314521,https://img2.shaishufang.com/14/54/fIUNF3vS.jpg?x-oss-process=style/book-small-image
人体解剖生理学,,9787040267167,https://img2.shaishufang.com/66/69/IwDQ6c2b.jpg?x-oss-process=style/book-small-image
经典常谈（插图本）,朱自清,9787532537495,https://img2.shaishufang.com/19/39/t515GbCU.jpg?x-oss-process=style/book-small-image&tm=1548657867
Reptiles and Amphibians,Tim Halliday Mark O'Shea,9780789493934,https://img2.shaishufang.com/17/05/mQMT2nty.jpg?x-oss-process=style/book-small-image
Mage,Richard A. Knaak,9781427814975,https://img2.shaishufang.com/17/69/oF8BEyip.jpg?x-oss-process=style/book-small-image
向左走·向右走,幾米,9787108017444,https://img2.shaishufang.com/56/44/G1n9MAQO.jpg?x-oss-process=style/book-small-image
儒林外史,[清]吴敬梓 著,9787530204009,https://img2.shaishufang.com/15/20/hBVH3N54.jpg?x-oss-process=style/book-small-image&tm=1598066403
零下一度,韩寒,9787208035164,https://img2.shaishufang.com/29/72/8REqqE2y.jpg?x-oss-process=style/book-small-image&tm=1520299488
Smithsonian Handbooks Insects: Spiders and Other Terrestrial Arthropods (平装),George C. McGavin,9780789493927,https://img2.shaishufang.com/20/36/vobz3lC3.jpg?x-oss-process=style/book-small-image
失落的秘符,[美] 丹·布朗,9787020078127,https://img2.shaishufang.com/76/36/LgWNuITY.jpg?x-oss-process=style/book-small-image&tm=1580432306
秘密,謝明憲,9789861750675,https://img2.shaishufang.com/16/59/4iEN6JDa.jpg?x-oss-process=style/book-small-image&tm=1468728340
白鲸,麦尔维尔,9787540210816,https://img2.shaishufang.com/12/85/aVk83PaZ.jpg?x-oss-process=style/book-small-image&tm=1580915266
三体Ⅱ・黑暗森林,刘慈欣,9787536693968,https://img2.shaishufang.com/20/51/wG0o3bQg.jpg?x-oss-process=style/book-small-image&tm=1585544165
生活的难题,（印）克里希那穆提　著，（英）鲁坦斯　编，桑靖宇，程悦　译,9787510801730,https://img2.shaishufang.com/14/40/eus3oXGI.jpg?x-oss-process=style/book-small-image
项目经理应该知道的97件事,"(美) 戴维斯 编，张科, 焦亚超 译",9787115251008,https://img2.shaishufang.com/68/38/1wOaaEIG.jpg?x-oss-process=style/book-small-image
三体I・地球往事,刘慈欣,9787536692930,https://img2.shaishufang.com/70/22/JwI0BDTZ.jpg?x-oss-process=style/book-small-image&tm=1587133828
中国神话研究初探,茅盾 著,9787532540747,https://img2.shaishufang.com/14/69/fjIFVyyW.jpg?x-oss-process=style/book-small-image
三体Ⅲ 死神永生,刘慈欣,9787229030933,https://img2.shaishufang.com/10/23/T4JXbFX8.jpg?x-oss-process=style/book-small-image&tm=1554109051
黑色棉花田,（美）蜜尔德瑞・泰勒 (著) 吴桢祥(译),9787500739197,https://img2.shaishufang.com/15/12/gxeDQidT.jpg?x-oss-process=style/book-small-image
林冲夜奔,高阳 著,9787508038520,https://img2.shaishufang.com/14/06/dwYba1nL.jpg?x-oss-process=style/book-small-image
我怎样毁了我的一生,（法）桑帝尼　文，（法）哥地尼　图，武娟　译,9787108035226,https://img2.shaishufang.com/13/52/cP5wNBhQ.jpg?x-oss-process=style/book-small-image&tm=1510916086
无价,（美）威廉 ;庞德斯通 著，闾佳 译,9787507534115,https://img2.shaishufang.com/90/70/PkvMQk4n.jpg?x-oss-process=style/book-small-image&tm=1586432489
情绪,（美）卡莱特　等著，周仁来　等译,9787501967964,https://img2.shaishufang.com/43/71/CPhB0X5u.jpg?x-oss-process=style/book-small-image
浅薄：互联网如何毒化了我们的大脑,（美）卡尔　著，刘纯毅　译,9787508624488,https://img2.shaishufang.com/20/55/wNSFoDLZ.jpg?x-oss-process=style/book-small-image&tm=1565599732
大灰狼罗克,郑渊洁,9787507711950,https://img2.shaishufang.com/79/67/McieOjqn.jpg?x-oss-process=style/book-small-image&tm=1569313539
哈利•波特与阿兹卡班的囚徒,（英）J.K.罗琳 著；郑须弥 译,9787020033454,https://img2.shaishufang.com/16/40/kaComq5F.jpg?x-oss-process=style/book-small-image
找回健康的睡眠(睡眠与衰老) (平装),凌瑞琴,9787030143723,https://img2.shaishufang.com/52/02/Elu7XCXx.jpg?x-oss-process=style/book-small-image
哈利·波特与密室,【英】J.K.罗琳,9787020033447,https://img2.shaishufang.com/13/60/ccjDX3bb.jpg?x-oss-process=style/book-small-image&tm=1467960387
病菌集中营,郑渊洁,9787507717464,https://img2.shaishufang.com/19/54/tVrrXwUg.jpg?x-oss-process=style/book-small-image
我读,凤凰卫视出版中心 著,9787542631299,https://img2.shaishufang.com/19/58/tbxNnbNU.jpg?x-oss-process=style/book-small-image&tm=1536714953
59秒,（英）怀斯曼　著，冯杨　译,9787203064411,https://img2.shaishufang.com/39/75/BHxOEhWd.jpg?x-oss-process=style/book-small-image
怪老头儿,孙幼军,9787531319177,https://img2.shaishufang.com/88/76/PCgrIIQB.jpg?x-oss-process=style/book-small-image
鬼车,郑渊洁,9787507719314,https://img2.shaishufang.com/28/70/89JTIiOu.jpg?x-oss-process=style/book-small-image
我是钱,郑渊洁,9787507716719,https://img2.shaishufang.com/80/24/Mml53UJ8.jpg?x-oss-process=style/book-small-image
給孩子的吸引力法則,周介偉,9789861751450,https://img2.shaishufang.com/46/01/D4AOnZow.jpg?x-oss-process=style/book-small-image
金拇指,郑渊洁,9787507719239,https://img2.shaishufang.com/18/33/q3eIZ27a.jpg?x-oss-process=style/book-small-image
关于爱与性的一切，你全错了,【美】佩珀&#8226;舒瓦茨，唐小达　译,9787208093744,https://img2.shaishufang.com/13/31/boPcSICy.jpg?x-oss-process=style/book-small-image
萨提亚家庭治疗模式,（美）萨提亚 著，聂晶 译,9787506286558,https://img2.shaishufang.com/21/73/zhmruMWw.jpg?x-oss-process=style/book-small-image
鲁西西传,郑渊洁,9787507709995,https://img2.shaishufang.com/52/00/ElVk58vM.jpg?x-oss-process=style/book-small-image&tm=1478003026
地铁,韩松 著,9787208095618,https://img2.shaishufang.com/13/57/cXXXwwto.jpg?x-oss-process=style/book-small-image
四个半朋友和失踪的生物老师,约阿希姆・弗里德里希 (著) 陈良梅(译),9787539117423,https://img2.shaishufang.com/40/68/BYDybsdA.jpg?x-oss-process=style/book-small-image
智齿,郑渊洁,9787507718409,https://img2.shaishufang.com/13/17/bQCgoGDM.jpg?x-oss-process=style/book-small-image
肠子,（美）帕拉尼克 著，景翔 译,9787546338972,https://img2.shaishufang.com/17/82/ocev5PSq.jpg?x-oss-process=style/book-small-image&tm=1468109376
皮皮鲁传,郑渊洁,9787507710007,https://img2.shaishufang.com/92/41/QEye2OgE.jpg?x-oss-process=style/book-small-image
再见野鼬鼠,张小娴,9787532725120,https://img2.shaishufang.com/21/54/zBj1SZdO.jpg?x-oss-process=style/book-small-image
俗世奇人（修订版）,冯骥才 著,9787506344791,https://img2.shaishufang.com/13/71/3tPXzsze.jpg?x-oss-process=style/book-small-image&tm=1468205222
昆虫记,J.H.法布尔,9787506312820,https://img2.shaishufang.com/21/19/yCN5qpO2.jpg?x-oss-process=style/book-small-image&tm=1474444180
公鸡背母鸡,J.H.法布尔 (著) 太阳工作室(译),9787506316101,https://img2.shaishufang.com/52/60/1Ubx4UrG.jpg?x-oss-process=style/book-small-image&tm=1571911562
象与骑象人,（美）海特 著，李静瑶 译,9787300092485,https://img2.shaishufang.com/20/38/vsrS8yjv.jpg?x-oss-process=style/book-small-image&tm=1474296686
The Little Brown Handbook,"Fowler, H. Ramsey/ Aaron, Jane E.",9780321275899,https://img2.shaishufang.com/15/34/hZh4p4EE.jpg?x-oss-process=style/book-small-image
如彗星划过夜空,林达,9787108023803,https://img2.shaishufang.com/91/08/PrW6i3mu.jpg?x-oss-process=style/book-small-image&tm=1468132901
等待戈多,[爱尔兰] 萨缪尔·贝克特,9787020036967,https://img2.shaishufang.com/80/67/MuIGGRkH.jpg?x-oss-process=style/book-small-image
名家谈心理,,9787508062389,https://img2.shaishufang.com/79/80/Mew9IP2z.jpg?x-oss-process=style/book-small-image
培训师的灵感,杰克逊 (著) 贾洪骏(译),9787801477743,https://img2.shaishufang.com/35/05/9x8joAKj.jpg?x-oss-process=style/book-small-image
一脸猪相,（英）乔治·奥威尔,9787801535146,https://img2.shaishufang.com/12/28/YtFYbZOh.jpg?x-oss-process=style/book-small-image
挖鼻史,羅蘭·胡彈 (著) 庄若愚(译),9789867581273,https://img2.shaishufang.com/17/99/p6PL1gYp.jpg?x-oss-process=style/book-small-image
奔腾验钞机,郑渊洁,9787806001318,https://img2.shaishufang.com/16/74/4kn5Ugu8.jpg?x-oss-process=style/book-small-image&tm=1472308257
秦文君小说系列,秦文君,9787506311052,https://img2.shaishufang.com/44/13/CX22tXrC.jpg?x-oss-process=style/book-small-image&tm=1553050839
我的妈妈是精灵,陈丹燕,9787532470099,https://img2.shaishufang.com/82/24/NM0xD0Dh.jpg?x-oss-process=style/book-small-image
裸猿,（英）德斯蒙娜·莫利斯 著，何道宽 译,9787309070033,https://img2.shaishufang.com/13/32/bpM3Nvw0.jpg?x-oss-process=style/book-small-image&tm=1468297373
白客,郑渊洁,9787507717730,https://img2.shaishufang.com/20/61/5qsaEwY6.jpg?x-oss-process=style/book-small-image
生化保姆,郑渊洁,9787507717303,https://img2.shaishufang.com/13/12/bGAG9Vl1.jpg?x-oss-process=style/book-small-image
窃言盗行,[美] 迈克尔•奥布莱恩,9787302311645,https://img2.shaishufang.com/17/62/o3Yv6kc7.jpg?x-oss-process=style/book-small-image
大漠苍狼,南派三叔　著,9787538729795,https://img2.shaishufang.com/10/51/TrlHoDYX.jpg?x-oss-process=style/book-small-image
消极时代的积极人生,赵昱鲲,9787213048746,https://img2.shaishufang.com/20/13/vBGhOIiZ.jpg?x-oss-process=style/book-small-image
洗脑术：思想控制的荒唐史,［英］多米尼克·斯垂特菲尔德,9787515303703,https://img2.shaishufang.com/21/59/zJgoM642.jpg?x-oss-process=style/book-small-image&tm=1468404347
1988:我想和这个世界谈谈,韩寒,9787512500983,https://img2.shaishufang.com/14/98/gYZiNyTk.jpg?x-oss-process=style/book-small-image&tm=1561947347
大漠苍狼,南派三叔,9787538732849,https://img2.shaishufang.com/25/36/7CdhsMx2.jpg?x-oss-process=style/book-small-image&tm=1468931025
如何成为一个怪物,冯唐,9787513303699,https://img2.shaishufang.com/15/95/jIWd2lx0.jpg?x-oss-process=style/book-small-image&tm=1469773362
不愿说谢谢的人,王老板,9787222088856,https://img2.shaishufang.com/15/82/4UgXAcSY.jpg?x-oss-process=style/book-small-image
读库1205,张立宪 主编,9787513309134,https://img2.shaishufang.com/49/24/Dyw8D3UI.jpg?x-oss-process=style/book-small-image&tm=1515519819
宇宙奇趣全集,伊塔洛·卡尔维诺　著，张密，杜颖，翟恒　译,9787544716086,https://img2.shaishufang.com/21/15/y3vlk9Ol.jpg?x-oss-process=style/book-small-image
幸福的方法,（以）沙哈尔　著，汪冰，刘骏杰　译，汪冰　审校,9787801706409,https://img2.shaishufang.com/70/98/K9iNYnxf.jpg?x-oss-process=style/book-small-image&tm=1491472263
少有人走的路：心智成熟的旅程,（美）派克　著，于海生　译,9787807023777,https://img2.shaishufang.com/11/74/XLVwybd7.jpg?x-oss-process=style/book-small-image&tm=1468070630
Power Sleep,James B. Maas Megan L. Wherry David J. Axelrod Bar,9780060977603,https://img2.shaishufang.com/14/66/fdfPJ8r0.jpg?x-oss-process=style/book-small-image
铁道概论,佟立本　主编,9787113110178,https://img2.shaishufang.com/26/38/7UUmp7SP.jpg?x-oss-process=style/book-small-image
Abnormal psychology : an integrative approach,David H. Barlow Vincent Mark Durand,9780534581497,https://img2.shaishufang.com/69/46/Jj3NBPF6.jpg?x-oss-process=style/book-small-image&tm=1572834266
發展心理學: 人的畢生發展 (第4版)Development Across the Life Span,蘇彥捷,9787506286572,https://img2.shaishufang.com/39/55/BEL6rzhE.jpg?x-oss-process=style/book-small-image&tm=1469932459
如丧,高晓松,9787543067424,https://img2.shaishufang.com/25/80/7KGu0l7Y.jpg?x-oss-process=style/book-small-image&tm=1468155431
古董局中局,马伯庸,9787550614871,https://img2.shaishufang.com/14/99/gaDgfDhw.jpg?x-oss-process=style/book-small-image&tm=1421031492
"古董局中局. 2, 清明上河图之谜",马伯庸,9787539964720,https://img2.shaishufang.com/30/45/8eC64ZnY.jpg?x-oss-process=style/book-small-image&tm=1467897066
"闯入历史禁地, 人物卷",于懋 编,9787563921973,https://img2.shaishufang.com/69/47/1yJkTQvE.jpg?x-oss-process=style/book-small-image
你是我的敌人,李承鹏,9787119081991,https://img2.shaishufang.com/11/39/WMimtbqQ.jpg?x-oss-process=style/book-small-image
男女内参,不加V,9787549604401,https://img2.shaishufang.com/27/31/7kxwTA7u.jpg?x-oss-process=style/book-small-image
社会动物,(美)布鲁克斯,9787508632445,https://img2.shaishufang.com/73/69/KvN07vDG.jpg?x-oss-process=style/book-small-image
全世界人民都知道,李承鹏,9787513310369,https://img2.shaishufang.com/52/55/EvG7xbBa.jpg?x-oss-process=style/book-small-image&tm=1543455487
发展心理学,[美]DavidR.Shaff,9787501946020,https://img2.shaishufang.com/88/20/P2vMIaTV.jpg?x-oss-process=style/book-small-image&tm=1507030472
Great Ideas In Psychology,"Moghaddam, Fathali M.",9781851683796,https://img2.shaishufang.com/19/42/tA13VGIe.jpg?x-oss-process=style/book-small-image
认知神经科学,（美）葛詹尼加　等著，周晓林，高定国　等译,9787501978564,https://img2.shaishufang.com/13/24/bbTse1nx.jpg?x-oss-process=style/book-small-image
文学回忆录（全2册）,木心口述 陈丹青笔录,9787549530816,https://img2.shaishufang.com/12/53/ZaGYJ4sw.jpg?x-oss-process=style/book-small-image&tm=1468119163
津巴多时间心理学,（美）津巴多　等著，段鑫星　等译,9787547011690,https://img2.shaishufang.com/14/64/faAFE2HQ.jpg?x-oss-process=style/book-small-image
Dog Man 7,Dav Pilkey,9781338236590,https://img2.shaishufang.com/16/10/jipPdwwl.jpg?x-oss-process=style/book-small-image
Dog Man 5,Dav Pilkey,9780545935173,https://img2.shaishufang.com/21/78/zsBRmfEy.jpg?x-oss-process=style/book-small-image
法医科学研究室,道格拉斯.萊爾,9789863444336,https://img2.shaishufang.com/10/96/V7ym2EPz.jpg?x-oss-process=style/book-small-image&tm=1573435709
法醫昆蟲學,麥迪森.李.戈夫（美）,9789863446620,https://img2.shaishufang.com/12/60/ZnNGeMsF.jpg?x-oss-process=style/book-small-image
毒物研究室2,席瑞塔.史蒂文斯 安妮.班農,9789863444091,https://img2.shaishufang.com/36/22/AHi11JvN.jpg?x-oss-process=style/book-small-image&tm=1586709888
语言本能：人类语言进化的奥秘（史蒂芬·平克“语言与人性”四部曲）,[美]史蒂芬·平克 著，欧阳明亮 译,9787213066559,https://img2.shaishufang.com/15/40/4NA0DPZd.jpg?x-oss-process=style/book-small-image&tm=1569721916
故事的解剖,羅伯特.麥基(Robert McKee),9789865671068,https://img2.shaishufang.com/15/89/j7gifUE8.jpg?x-oss-process=style/book-small-image&tm=1479738271
馋,"弗羅杭‧柯立葉 原文作者：Florent Quellier 譯者：陳蓁美,徐麗松",9789865722432,https://img2.shaishufang.com/14/49/f9pLE6Ml.jpg?x-oss-process=style/book-small-image
瘋癲文明史,史考爾(Andrew Scull),9789862623572,https://img2.shaishufang.com/19/74/u4BKHz0D.jpg?x-oss-process=style/book-small-image
人生模式,阳志平,9787121371219,https://img2.shaishufang.com/87/68/OtmYdin4.jpg?x-oss-process=style/book-small-image
對白的解剖,羅伯特·麥基(Robert McKee),9789864892259,https://img2.shaishufang.com/71/95/KQkHyVvp.jpg?x-oss-process=style/book-small-image&tm=1548660686
薄世宁医学通识讲义,薄世宁,9787521709605,https://img2.shaishufang.com/15/64/iQYGPsSx.jpg?x-oss-process=style/book-small-image&tm=1592791239
软体动物,阿丁　著,9787536062436,https://img2.shaishufang.com/11/29/W4W9Bdpa.jpg?x-oss-process=style/book-small-image
欢喜,吴伯凡，梁冬,9787508635569,https://img2.shaishufang.com/17/85/ohPxSmr8.jpg?x-oss-process=style/book-small-image
管锥编,钱钟书（钱锺书）,9787108027467,https://img2.shaishufang.com/11/31/W7UtZKvP.jpg?x-oss-process=style/book-small-image&tm=1585876867
读库1401,张立宪 主编,9787513313827,https://img2.shaishufang.com/72/53/Kb4keTQH.jpg?x-oss-process=style/book-small-image&tm=1468322995
Interpersonal Communication,Kory Floyd,9780073406640,https://img2.shaishufang.com/66/59/IuWbcMNH.jpg?x-oss-process=style/book-small-image
仰望星空,亚瑟·克里斯托弗·本森,9787531668008,https://img2.shaishufang.com/74/72/LDVciDIW.jpg?x-oss-process=style/book-small-image
人与自我,夏中義/ 主編,9787563336500,https://img2.shaishufang.com/45/35/CsTgsKbI.jpg?x-oss-process=style/book-small-image
心理学百科,英国DK出版社 编者,9787121215452,https://img2.shaishufang.com/20/59/wU6W4SN2.jpg?x-oss-process=style/book-small-image&tm=1468336755
欲望的演化,（美）巴斯　著，谭黎，王叶　译,9787300130088,https://img2.shaishufang.com/15/98/jODEQN6z.jpg?x-oss-process=style/book-small-image
目送,龙应台,9787549550173,https://img2.shaishufang.com/19/96/uhad57PH.jpg?x-oss-process=style/book-small-image&tm=1467950231
长尾理论,克里斯·安德森,9787508634418,https://img2.shaishufang.com/43/49/CLnQYmec.jpg?x-oss-process=style/book-small-image
The Psychology Book,Marcus Weeks,9780756689704,https://img2.shaishufang.com/14/31/eeDF6ITA.jpg?x-oss-process=style/book-small-image
世间的盐,高军（风行水上）,9787511320391,https://img2.shaishufang.com/62/92/0B4tGu4k.jpg?x-oss-process=style/book-small-image
常识,梁文道,9787563379637,https://img2.shaishufang.com/20/22/vRRSET0q.jpg?x-oss-process=style/book-small-image&tm=1515552468
沐猿而冠,辉格,9787220094989,https://img2.shaishufang.com/16/59/l6n9UXQY.jpg?x-oss-process=style/book-small-image&tm=1468843835
写给上班族的世界史,押沙龙 著,9787508621616,https://img2.shaishufang.com/20/96/xXGMawFQ.jpg?x-oss-process=style/book-small-image&tm=1469340619
硬派健身,斌卡,9787540471309,https://img2.shaishufang.com/86/72/Ocnsjqv9.jpg?x-oss-process=style/book-small-image&tm=1468167307
上瘾五百年：烟、酒、咖啡和鸦片的历史,[美] 戴维·考特莱特,9787508646473,https://img2.shaishufang.com/13/42/c6n9Nhg6.jpg?x-oss-process=style/book-small-image&tm=1565228508
我在底层的生活,[美] 芭芭拉·艾伦瑞克,9787550211551,https://img2.shaishufang.com/11/00/37kjHGew.jpg?x-oss-process=style/book-small-image&tm=1517801238
积极心理学,( [ AI ER LAN ] KA ER Carr ) . ( A. ),9787501992539,https://img2.shaishufang.com/93/90/QfGGTzLX.jpg?x-oss-process=style/book-small-image
无缘社会,[日] NHK特别节目录制组,9787532764266,https://img2.shaishufang.com/12/13/YSpSZI40.jpg?x-oss-process=style/book-small-image&tm=1591532517
别想那只大象,[美]乔治•莱考夫,9787213056994,https://img2.shaishufang.com/84/82/O5RnPN3z.jpg?x-oss-process=style/book-small-image&tm=1478020716
回家,[加拿大]丹尼斯·博克,9787020106462,https://img2.shaishufang.com/24/18/6rmnhv9O.jpg?x-oss-process=style/book-small-image
佛祖在一号线,李海鹏　著,9787503945434,https://img2.shaishufang.com/67/94/JI9QBdef.jpg?x-oss-process=style/book-small-image&tm=1468816357
容忍与自由,胡适 著，潘光哲 编,9787511817686,https://img2.shaishufang.com/20/84/xC5uE6u6.jpg?x-oss-process=style/book-small-image&tm=1553492041
父性,[意]鲁格·肇嘉（Luigi Zoja）,9787510094910,https://img2.shaishufang.com/17/38/nNEIbGIa.jpg?x-oss-process=style/book-small-image&tm=1467904439
善恶之源,[美] 保罗•布卢姆 著，青涂 译,9787213064388,https://img2.shaishufang.com/58/96/Gk314RUt.jpg?x-oss-process=style/book-small-image&tm=1516763549
中国故事绘本,项美丽,9787513316033,https://img2.shaishufang.com/20/36/vog1hbRd.jpg?x-oss-process=style/book-small-image&tm=1469852500
商业格言,比尔·瑞德 编,9787513318075,https://img2.shaishufang.com/15/22/hEhXBqfC.jpg?x-oss-process=style/book-small-image&tm=1468247866
眼神不败术,[美] 迈克尔•埃尔斯伯格,9787519203849,https://img2.shaishufang.com/18/58/qlzK2P87.jpg?x-oss-process=style/book-small-image
盲目心理学,玛格丽特·赫夫曼,9787539953656,https://img2.shaishufang.com/19/27/sjAsRKug.jpg?x-oss-process=style/book-small-image
意识与脑：一个还原论者的浪漫自白,[美]克里斯托弗·科赫（Christof Koch）,9787111495451,https://img2.shaishufang.com/77/77/M5IdGAC3.jpg?x-oss-process=style/book-small-image&tm=1565589914
总统是靠不住的,林达 著,9787108011367,https://img2.shaishufang.com/11/92/XrjZWaIV.jpg?x-oss-process=style/book-small-image&tm=1516326506
小众行为学,詹姆斯•哈金,9787569901160,https://img2.shaishufang.com/76/32/LfmLcBYN.jpg?x-oss-process=style/book-small-image
追究幸福,（英）列托　著，胡燕平　译,9787229018504,https://img2.shaishufang.com/23/89/6mimpPne.jpg?x-oss-process=style/book-small-image
异类,（美）格拉德威尔　著，季丽娜　译,9787508615158,https://img2.shaishufang.com/17/61/o0ZF0Dkx.jpg?x-oss-process=style/book-small-image
天才的基因,戴维·申克,9787508633152,https://img2.shaishufang.com/37/68/AhTy65SG.jpg?x-oss-process=style/book-small-image
Making Sense of Autistic Spectrum Disorders,,9780553806816,https://img2.shaishufang.com/10/44/TerZJsHJ.jpg?x-oss-process=style/book-small-image
发展与罪恶,[意]鲁格▪肇嘉,9787510076602,https://img2.shaishufang.com/85/94/OP61W8fA.jpg?x-oss-process=style/book-small-image
如何科学开发孩子的大脑,[美]吉尔·斯塔姆（Jill Stamm） [美]宝拉·斯宾塞（Paula Spencer）,9787111630890,https://img2.shaishufang.com/37/75/AijgW6fr.jpg?x-oss-process=style/book-small-image
人生十二法则,(加)乔丹·彼得森 （Jordan B. Peterson）,9787213094873,https://img2.shaishufang.com/16/20/4bNfv7P9.jpg?x-oss-process=style/book-small-image
人人都该懂的遗传学,"伯顿·格特曼,安东尼·格里菲斯",9787213093227,https://img2.shaishufang.com/17/90/oprwaIYd.jpg?x-oss-process=style/book-small-image
反常识,[澳大利亚]邓肯?J.瓦茨（Duncan J. Watts）,9787536495418,https://img2.shaishufang.com/31/61/8yfK53Ap.jpg?x-oss-process=style/book-small-image
薛兆丰经济学讲义,薛兆丰,9787508689586,https://img2.shaishufang.com/93/50/QYDkMWJT.jpg?x-oss-process=style/book-small-image&tm=1574843108
哥德尔、艾舍尔、巴赫,侯世达,9787100013239,https://img2.shaishufang.com/14/88/gGKrCaG0.jpg?x-oss-process=style/book-small-image&tm=1550025902
行为设计学: 零成本改变,奇普·希思 丹·希思,9787508690254,https://img2.shaishufang.com/15/87/j5iQL6mv.jpg?x-oss-process=style/book-small-image&tm=1546828654
行为设计学: 打造峰值体验,奇普·希思 丹·希思,9787508690247,https://img2.shaishufang.com/75/39/LPREDUk2.jpg?x-oss-process=style/book-small-image&tm=1546828316
行为设计学: 掌控关键决策,奇普·希思 丹·希思,9787508695198,https://img2.shaishufang.com/12/51/ZWvXruaJ.jpg?x-oss-process=style/book-small-image&tm=1546828316
行为设计学: 让创意更有黏性,奇普·希思 丹·希思,9787508695181,https://img2.shaishufang.com/98/72/2nolNSOl.jpg?x-oss-process=style/book-small-image&tm=1546828318
精准努力,[日] 野口真人,9787514218701,https://img2.shaishufang.com/11/79/XUS0jGzT.jpg?x-oss-process=style/book-small-image
人类酷刑简史,[美] 马克·P.唐纳利、[美] 丹尼尔·迪尔,9787505741508,https://img2.shaishufang.com/16/90/4ngjuhrv.jpg?x-oss-process=style/book-small-image&tm=1554874146
游戏，让学习高效,（美）卡尔 M.卡普（Karl M. Kapp） 卢卡斯·布莱尔（Lucas Blair） 里奇·梅,9787111576570,https://img2.shaishufang.com/18/93/rlm9Ysk5.jpg?x-oss-process=style/book-small-image
游戏，让学习成瘾,"（美）卡普（Kapp,K. M.） 著",9787111498964,https://img2.shaishufang.com/62/69/HnkSD0LU.jpg?x-oss-process=style/book-small-image
人类愚蠢辞典,[意大利] 皮耶尔乔治·奥迪弗雷迪,9787559626158,https://img2.shaishufang.com/20/40/5nHp3PEG.jpg?x-oss-process=style/book-small-image
教养的迷思：父母的教养方式能否决定孩子的人格发展？,【美】朱迪斯•哈里斯,9787532769902,https://img2.shaishufang.com/22/07/6GfGt2lD.jpg?x-oss-process=style/book-small-image&tm=1567044693
科学学习：斯坦福黄金学习法则,（美）丹尼尔L.施瓦茨（DanielL.Schwartz）　（美）杰西卡,9787111597995,https://img2.shaishufang.com/21/15/03iy43R0.jpg?x-oss-process=style/book-small-image&tm=1529063184
神经的逻辑：谜样的人类行为和解谜的人脑机制（从8个令人惊奇的问题开始，带你理解迷一样的人类行为）,[美]埃利泽·斯滕伯格,9787559808950,https://img2.shaishufang.com/22/47/6NbnbFNu.jpg?x-oss-process=style/book-small-image&tm=1543191639
进击的智人,河森堡,9787508695655,https://img2.shaishufang.com/19/63/tkzB0cG6.jpg?x-oss-process=style/book-small-image&tm=1545030448
巴拉巴西成功定律,艾尔伯特拉斯洛巴拉巴西,,https://img2.shaishufang.com/20/47/w8GXfweL.jpg?x-oss-process=style/book-small-image
认知天性,彼得C布朗 亨利L罗迪格三世 马克A麦克丹尼尔,9787508694672,https://img2.shaishufang.com/11/19/Vm9e3jPn.jpg?x-oss-process=style/book-small-image
这本书能让你睡得好,[美]肖恩·史蒂文森（Shawn Stevenson）,9787540482107,https://img2.shaishufang.com/19/51/tQRNhNh1.jpg?x-oss-process=style/book-small-image
最重要的事，只有一件,［美］杰伊·帕帕森 著,9787508653051,https://img2.shaishufang.com/67/90/JHXPNnQe.jpg?x-oss-process=style/book-small-image&tm=1536112447
父母的语言,[美]达娜·萨斯金德（Dana Suskind） MD贝丝·萨斯金德（Beth Suskind） 莱,9787111571544,https://img2.shaishufang.com/11/20/VnrchZPZ.jpg?x-oss-process=style/book-small-image
给莉莉的信,（英）艾伦．麦克法兰,9787100047975,https://img2.shaishufang.com/13/52/cPzn2jsR.jpg?x-oss-process=style/book-small-image&tm=1468683599
小狗钱钱2,博多·舍费尔,9787544250627,https://img2.shaishufang.com/11/98/Y2dr3884.jpg?x-oss-process=style/book-small-image&tm=1468406146
小狗钱钱,（德）博多·舍费尔 (Schafer B.) 著,9787536563582,https://img2.shaishufang.com/93/83/Qdvlqch1.jpg?x-oss-process=style/book-small-image&tm=1532571414
子弹笔记,（美）赖德·卡罗尔,9787559627636,https://img2.shaishufang.com/76/35/2AQIzZd2.jpg?x-oss-process=style/book-small-image&tm=1558581145
世界观,［美］理查德·德威特 著,9787111612100,https://img2.shaishufang.com/48/77/DqkMhFR7.jpg?x-oss-process=style/book-small-image&tm=1566801532
有序,[加]丹尼尔·列维汀,9787508686318,https://img2.shaishufang.com/13/45/cC17koin.jpg?x-oss-process=style/book-small-image
不必读书目,刀尔登,9787203075547,https://img2.shaishufang.com/20/48/w9i6YZug.jpg?x-oss-process=style/book-small-image&tm=1523238442
脑内乾坤,戴维•杰塞尔（David Jessel）,9787111482628,https://img2.shaishufang.com/17/77/oSga6pu5.jpg?x-oss-process=style/book-small-image
核心天性教养法,[美] 迈克尔• 古里安（Michael Gurian）,9787300220215,https://img2.shaishufang.com/12/18/Ybmrrxfv.jpg?x-oss-process=style/book-small-image&tm=1464225479
第四次工业革命,克劳斯·施瓦布,9787508661254,https://img2.shaishufang.com/14/30/ec4uioN0.jpg?x-oss-process=style/book-small-image&tm=1565676830
人类的误测,[美] 斯蒂芬•杰伊•古尔德(Stephen Jay Gould),9787562495079,https://img2.shaishufang.com/87/12/Ojy9dabG.jpg?x-oss-process=style/book-small-image
神秘人,[美]戴维·巴拉什,9787513038072,https://img2.shaishufang.com/18/48/qTeRvaB0.jpg?x-oss-process=style/book-small-image
犯罪心理分析,【美】斯坦顿•萨梅洛,9787115463180,https://img2.shaishufang.com/68/01/JJPzlzfb.jpg?x-oss-process=style/book-small-image&tm=1556413934
幸福课：不完美人生的解答书,陈海贤,9787210092742,https://img2.shaishufang.com/18/08/pL7P6skJ.jpg?x-oss-process=style/book-small-image&tm=1563239425
我们人类的基因,[英] 亚当·卢瑟福,9787508678542,https://img2.shaishufang.com/13/05/3hm66eCF.jpg?x-oss-process=style/book-small-image
浪潮之巅 上册,吴军,9787115301208,https://img2.shaishufang.com/20/48/w9eSDZKD.jpg?x-oss-process=style/book-small-image&tm=1547824716
如何让孩子成年又成人,[美]朱莉•利思科特-海姆斯 (Julie Lythcott-Haims),9787220106682,https://img2.shaishufang.com/21/73/zhwPZnjf.jpg?x-oss-process=style/book-small-image
被忽视的孩子,[美]乔尼丝·韦布（Jonice Webb） [美]克里斯蒂娜·穆塞洛,9787111608974,https://img2.shaishufang.com/15/87/j5WOUFKB.jpg?x-oss-process=style/book-small-image
花卉,(英) 布伦特·埃利奥特,9787100153294,https://img2.shaishufang.com/19/94/udwvbuMJ.jpg?x-oss-process=style/book-small-image&tm=1565877859
爱情心理学,（美）罗伯特·j·斯腾伯格，（美）凯琳·斯腾伯格　编著，李朝旭　等译,9787510017711,https://img2.shaishufang.com/13/03/b0tZeZ2s.jpg?x-oss-process=style/book-small-image&tm=1574820349
突破天性,布赖恩•利特尔 (Brian R. Little),9787213088711,https://img2.shaishufang.com/16/18/jy5EDThZ.jpg?x-oss-process=style/book-small-image
自我,（美）乔纳森·布朗（brown，jonathon d.) 著，陈浩莺 等译,9787115126214,https://img2.shaishufang.com/18/45/qPplvLXk.jpg?x-oss-process=style/book-small-image
亲密关系,覃宇辉,9787518053742,https://img2.shaishufang.com/23/84/6lnabrN4.jpg?x-oss-process=style/book-small-image
重塑自我：如何成为一个很幸福的人,尼尔•帕斯理查,9787539998213,https://img2.shaishufang.com/89/44/POffnFdw.jpg?x-oss-process=style/book-small-image
人类成功统治地球的秘密,[美]约瑟夫·亨里奇,9787508686721,https://img2.shaishufang.com/27/68/7rTKpsos.jpg?x-oss-process=style/book-small-image
异类的天赋,[英]凯文·达顿,9787540484316,https://img2.shaishufang.com/18/78/rL6Xy47I.jpg?x-oss-process=style/book-small-image&tm=1531793950
镖人,许先哲,9787559612977,https://img2.shaishufang.com/18/15/pXt7d7eN.jpg?x-oss-process=style/book-small-image&tm=1532319480
第五次开始,[美] 罗伯特·L·凯利,9787508685847,https://img2.shaishufang.com/12/99/auihUJ8v.jpg?x-oss-process=style/book-small-image&tm=1554109618
西方的没落,奥斯瓦尔德·斯宾格勒,9787540452223,https://img2.shaishufang.com/18/55/qhGDfMjc.jpg?x-oss-process=style/book-small-image
挑战:压力如何塑造我们,伊恩·罗伯森 (Ian Robertson),9787540483661,https://img2.shaishufang.com/41/59/1BDrFqmP.jpg?x-oss-process=style/book-small-image
铁道之旅,[德] 沃尔夫冈·希弗尔布施,9787208151062,https://img2.shaishufang.com/15/89/j7eROeDE.jpg?x-oss-process=style/book-small-image&tm=1533087878
宝宝也是哲学家,艾莉森•高普尼克,9787213061837,https://img2.shaishufang.com/13/95/dci9SteJ.jpg?x-oss-process=style/book-small-image
哲学·科学·常识,陈嘉映,9787508671079,https://img2.shaishufang.com/10/62/UBNJCe6o.jpg?x-oss-process=style/book-small-image&tm=1523241485
看，这是哲学,[美]唐纳德·帕尔默（Donald Palmer）,9787550263840,https://img2.shaishufang.com/11/35/WEfoip9k.jpg?x-oss-process=style/book-small-image&tm=1470752494
手把手教你玩脱口秀,[美]格雷格·迪安,9787213085956,https://img2.shaishufang.com/11/23/Vur0NrdO.jpg?x-oss-process=style/book-small-image&tm=1520392611
创造力,［美］米哈里·希斯赞特米哈伊 著；黄珏苹 译,9787213064128,https://img2.shaishufang.com/24/44/6wNo2Bsj.jpg?x-oss-process=style/book-small-image&tm=1570499359
精要主义,格雷戈·麦吉沃恩 (Greg McKeown),9787213072291,https://img2.shaishufang.com/16/76/lb125T7A.jpg?x-oss-process=style/book-small-image&tm=1553233014
大脑勇士,(美)丹尼尔•亚蒙(Daniel G. Amen) 塔娜•亚蒙(Tana Amen),9787213086069,https://img2.shaishufang.com/16/70/lQj8uW0j.jpg?x-oss-process=style/book-small-image
风格感觉,史蒂芬·平克,9787111596158,https://img2.shaishufang.com/20/16/vGLnrtQl.jpg?x-oss-process=style/book-small-image
布莱森英语简史,比尔·布莱森（Bill Bryson ）,9787300167350,https://img2.shaishufang.com/15/59/iH0k2S8o.jpg?x-oss-process=style/book-small-image
小顾聊绘画,顾孟劼,9787508643939,https://img2.shaishufang.com/78/47/2E9Rgxp9.jpg?x-oss-process=style/book-small-image&tm=1511833600
原则,【美】瑞·达利欧（Ray Dalio）,9787508684031,https://img2.shaishufang.com/88/51/P8IpIo4v.jpg?x-oss-process=style/book-small-image&tm=1553233016
皆为戏言 : 新媒体时代的说话指南 = Enough said : what&#39;s gone wrong with the language of politics,[英] 马克•汤普森,9787308177245,https://img2.shaishufang.com/47/04/DMJ1NruC.jpg?x-oss-process=style/book-small-image&tm=1529064173
超级版图,[美] 帕拉格·康纳,9787508661438,https://img2.shaishufang.com/14/00/dlVowcyO.jpg?x-oss-process=style/book-small-image&tm=1466477864
爆裂:未来社会的9大生存原则,[美]伊藤穰一 杰夫·豪,9787508680231,https://img2.shaishufang.com/20/66/wgcm4Ud0.jpg?x-oss-process=style/book-small-image&tm=1546829764
恐惧的原型,弗里茲.李曼,9789864772018,https://img2.shaishufang.com/13/82/dFwJ4uco.jpg?x-oss-process=style/book-small-image
培养孩子自信独立的亲子对话术,青木仁志,9789869303064,https://img2.shaishufang.com/97/63/Rj0Hsdk9.jpg?x-oss-process=style/book-small-image
逃避自由,［美］埃里希·弗洛姆 著；刘林海 译,9787532769186,https://img2.shaishufang.com/89/12/2WuO4LfX.jpg?x-oss-process=style/book-small-image&tm=1567392746
